               epoch,      train/box_loss,      train/obj_loss,      train/cls_loss,   metrics/precision,      metrics/recall,     metrics/mAP_0.5,metrics/mAP_0.5:0.95,        val/box_loss,        val/obj_loss,        val/cls_loss,               x/lr0,               x/lr1,               x/lr2
                   0,             0.10287,            0.020048,            0.082269,                   0,                   0,                   0,                   0,            0.067901,            0.010489,            0.059712,              0.0721,              0.0031,              0.0031
                   1,            0.084296,            0.023149,            0.081812,                   0,                   0,                   0,                   0,            0.058512,            0.010858,            0.059561,            0.043279,           0.0062792,           0.0062792
                   2,            0.073413,            0.024095,            0.081347,          0.00034794,            0.025641,          0.00074682,          0.00019141,            0.054628,            0.010511,            0.062052,            0.014437,           0.0094373,           0.0094373
                   3,            0.064857,            0.026054,             0.08085,          0.00076257,             0.10063,          0.00062417,           0.0001985,            0.063179,           0.0075301,              0.1286,            0.009901,            0.009901,            0.009901
                   4,            0.060866,             0.02563,            0.080661,           0.0013947,             0.23724,           0.0019022,          0.00043146,            0.061952,           0.0062599,            0.080072,            0.009901,            0.009901,            0.009901
                   5,            0.058657,            0.025373,            0.078389,           0.0025442,             0.71473,            0.022694,           0.0043323,            0.040413,            0.010888,            0.056942,            0.009868,            0.009868,            0.009868
                   6,            0.056813,            0.024802,            0.079286,           0.0010094,             0.33613,           0.0026474,          0.00043992,            0.043609,            0.017499,            0.057722,            0.009835,            0.009835,            0.009835
                   7,            0.055031,            0.023709,             0.07929,           0.0029971,             0.83813,            0.028713,           0.0087027,             0.03692,            0.015537,            0.056718,            0.009802,            0.009802,            0.009802
                   8,            0.055142,            0.022815,            0.078859,           0.0030696,             0.83358,            0.036649,            0.013429,            0.037719,             0.01081,              0.0565,            0.009769,            0.009769,            0.009769
                   9,            0.053088,            0.022676,            0.078135,           0.0032184,             0.89617,            0.024647,           0.0098719,            0.036546,            0.017596,            0.055877,            0.009736,            0.009736,            0.009736
                  10,            0.049824,             0.02048,            0.077885,            0.050676,             0.26644,            0.035937,            0.014368,            0.035004,            0.019991,            0.056649,            0.009703,            0.009703,            0.009703
                  11,             0.04849,             0.02144,            0.078296,           0.0059315,             0.18072,            0.017007,           0.0064019,            0.039977,            0.010742,            0.059378,             0.00967,             0.00967,             0.00967
                  12,            0.047985,            0.020934,            0.076922,           0.0054419,             0.63544,            0.039151,             0.01479,            0.036231,           0.0095441,            0.058224,            0.009637,            0.009637,            0.009637
                  13,            0.047095,            0.020108,            0.076703,           0.0035246,             0.95566,             0.11986,            0.049879,            0.030102,           0.0093117,            0.055494,            0.009604,            0.009604,            0.009604
                  14,            0.046734,            0.020047,            0.076938,             0.02083,             0.73773,             0.13047,            0.066974,             0.02893,           0.0091275,            0.054612,            0.009571,            0.009571,            0.009571
                  15,            0.044668,            0.019495,             0.07677,             0.57075,            0.025017,              0.1113,            0.055274,            0.029221,           0.0081767,            0.054661,            0.009538,            0.009538,            0.009538
                  16,            0.045177,            0.018854,            0.076211,           0.0063142,             0.96245,             0.15405,            0.090575,            0.025074,           0.0071249,             0.05584,            0.009505,            0.009505,            0.009505
                  17,             0.04311,            0.019025,            0.075937,             0.43883,             0.12269,             0.14828,             0.07555,            0.026827,           0.0077913,            0.054566,            0.009472,            0.009472,            0.009472
                  18,            0.041089,            0.017953,             0.07605,             0.25549,             0.22609,             0.13491,            0.076737,            0.027216,           0.0076571,            0.054844,            0.009439,            0.009439,            0.009439
                  19,            0.041162,            0.018403,            0.074979,             0.27853,             0.22839,             0.15569,            0.090382,            0.025756,           0.0069504,            0.053326,            0.009406,            0.009406,            0.009406
                  20,            0.040228,            0.017399,            0.074684,                0.46,             0.22688,             0.17924,             0.10098,            0.024844,           0.0068958,            0.052531,            0.009373,            0.009373,            0.009373
                  21,            0.039504,            0.016749,            0.074151,             0.42687,             0.12622,             0.15512,            0.080481,            0.028013,           0.0068832,            0.052811,             0.00934,             0.00934,             0.00934
                  22,            0.039296,            0.017564,            0.073375,             0.41953,             0.23697,             0.18804,             0.11048,            0.023342,            0.006821,            0.051525,            0.009307,            0.009307,            0.009307
                  23,            0.039174,            0.017538,            0.073804,             0.40007,             0.26219,             0.18026,              0.1071,            0.025346,           0.0063908,            0.051319,            0.009274,            0.009274,            0.009274
                  24,            0.038064,            0.016326,             0.07374,              0.3164,             0.24987,              0.1908,             0.10681,            0.028513,           0.0067568,            0.051307,            0.009241,            0.009241,            0.009241
                  25,            0.038729,            0.016365,            0.072722,             0.35358,             0.26394,             0.17631,             0.10831,            0.024501,           0.0065017,             0.05216,            0.009208,            0.009208,            0.009208
                  26,            0.036695,            0.016322,            0.071361,             0.43008,             0.23466,             0.19228,             0.13369,            0.022107,           0.0059342,            0.051224,            0.009175,            0.009175,            0.009175
                  27,            0.037247,             0.01596,             0.07269,             0.43213,             0.21946,             0.19675,             0.13766,             0.02229,           0.0058669,            0.051271,            0.009142,            0.009142,            0.009142
                  28,            0.036536,            0.016016,             0.07341,             0.36152,             0.22688,             0.18847,              0.1044,             0.02662,           0.0062512,            0.051057,            0.009109,            0.009109,            0.009109
                  29,            0.035751,            0.016156,            0.071037,              0.2815,             0.33322,              0.2408,             0.13956,            0.024309,           0.0055375,            0.050075,            0.009076,            0.009076,            0.009076
                  30,            0.036467,            0.015086,            0.073717,              0.3434,              0.2454,             0.20341,             0.12949,            0.024612,           0.0060515,            0.050343,            0.009043,            0.009043,            0.009043
                  31,            0.036729,            0.015451,            0.071952,             0.33567,             0.32626,             0.22009,             0.11896,            0.028508,           0.0063572,            0.049914,             0.00901,             0.00901,             0.00901
                  32,            0.035936,             0.01539,            0.071145,             0.37724,              0.2882,             0.24301,             0.16231,            0.023745,           0.0057065,            0.048474,            0.008977,            0.008977,            0.008977
                  33,            0.035175,            0.015667,            0.069054,             0.30529,             0.34741,             0.24318,              0.1641,            0.022621,           0.0056178,            0.048567,            0.008944,            0.008944,            0.008944
                  34,            0.035424,            0.015594,            0.071639,             0.27647,             0.33464,             0.27285,             0.18166,            0.022372,           0.0054398,            0.048417,            0.008911,            0.008911,            0.008911
                  35,            0.034526,            0.015151,            0.070531,              0.2685,             0.31022,             0.25989,             0.17429,            0.021102,           0.0052634,            0.048573,            0.008878,            0.008878,            0.008878
                  36,            0.034116,            0.014993,            0.070174,             0.38054,               0.316,             0.25472,              0.1702,             0.02371,           0.0053044,            0.046631,            0.008845,            0.008845,            0.008845
                  37,            0.032588,            0.014892,            0.070192,             0.38606,             0.25355,             0.27037,             0.16725,             0.02555,           0.0060957,            0.048163,            0.008812,            0.008812,            0.008812
                  38,             0.03297,             0.01438,            0.069134,             0.35063,             0.39395,             0.29074,             0.19122,            0.022864,           0.0050318,             0.04559,            0.008779,            0.008779,            0.008779
                  39,            0.034482,            0.014629,            0.068332,             0.30602,             0.46591,             0.28093,             0.20152,             0.02026,            0.004904,            0.045983,            0.008746,            0.008746,            0.008746
                  40,            0.032818,            0.014567,            0.068569,             0.29423,             0.44797,             0.26344,               0.162,            0.022941,           0.0049894,            0.045433,            0.008713,            0.008713,            0.008713
                  41,             0.03351,            0.014431,            0.069745,             0.33419,             0.35712,             0.28653,             0.18372,            0.024451,           0.0051391,            0.045767,             0.00868,             0.00868,             0.00868
                  42,            0.033436,            0.014489,            0.068281,             0.25891,             0.50157,             0.36799,             0.22091,            0.025556,           0.0051242,            0.044808,            0.008647,            0.008647,            0.008647
                  43,            0.031436,            0.014459,            0.068726,             0.31294,              0.4374,             0.32571,             0.24006,            0.018588,           0.0051247,            0.045608,            0.008614,            0.008614,            0.008614
                  44,            0.032249,            0.014314,            0.066941,             0.30934,             0.53126,             0.32612,             0.24055,            0.020991,           0.0044872,            0.045306,            0.008581,            0.008581,            0.008581
                  45,            0.031585,            0.014247,            0.068762,             0.34074,             0.47453,             0.31235,             0.20927,            0.020819,           0.0048638,            0.043702,            0.008548,            0.008548,            0.008548
                  46,            0.031224,             0.01426,            0.064994,             0.31268,             0.45808,             0.30778,             0.19821,            0.022084,           0.0044456,            0.043099,            0.008515,            0.008515,            0.008515
                  47,            0.031184,            0.013733,            0.066998,             0.44305,              0.4129,             0.35093,             0.24856,            0.020854,           0.0046233,            0.042078,            0.008482,            0.008482,            0.008482
                  48,            0.030909,            0.013539,            0.066592,              0.4062,               0.448,             0.33831,             0.24315,            0.019948,           0.0044325,            0.041118,            0.008449,            0.008449,            0.008449
                  49,            0.032358,            0.013762,            0.066513,             0.37208,             0.38508,             0.32711,              0.2231,            0.021777,           0.0048842,            0.041486,            0.008416,            0.008416,            0.008416
                  50,            0.031827,            0.014137,            0.066306,             0.39926,             0.38288,              0.3023,             0.21116,            0.021291,           0.0053309,            0.040777,            0.008383,            0.008383,            0.008383
                  51,            0.031018,            0.013647,            0.065258,              0.3596,             0.46644,             0.34521,              0.2377,            0.019856,           0.0046831,            0.040869,             0.00835,             0.00835,             0.00835
                  52,            0.031619,            0.013343,            0.065358,             0.34929,              0.4818,             0.33168,              0.2258,            0.019074,             0.00457,            0.044009,            0.008317,            0.008317,            0.008317
                  53,            0.031612,            0.013443,            0.065296,             0.42382,             0.40616,             0.36386,             0.26153,            0.019063,           0.0046236,            0.041032,            0.008284,            0.008284,            0.008284
                  54,            0.031657,            0.014468,             0.06445,             0.34863,             0.55778,             0.37852,             0.27535,            0.019032,           0.0046051,            0.042105,            0.008251,            0.008251,            0.008251
                  55,            0.028812,            0.013398,            0.063501,              0.3563,              0.4718,             0.37495,             0.27273,            0.020226,           0.0045028,            0.041202,            0.008218,            0.008218,            0.008218
                  56,            0.030471,            0.013524,             0.06526,             0.34978,             0.47277,             0.33147,             0.22543,            0.020627,           0.0044847,            0.041698,            0.008185,            0.008185,            0.008185
                  57,            0.030897,            0.013358,            0.063384,             0.22471,             0.50966,             0.38318,             0.26991,            0.020326,           0.0046822,             0.03915,            0.008152,            0.008152,            0.008152
                  58,            0.030572,             0.01279,             0.06287,             0.30863,             0.53327,             0.41731,             0.27385,            0.020309,           0.0044884,            0.040256,            0.008119,            0.008119,            0.008119
                  59,             0.03228,            0.013244,            0.063014,             0.33188,             0.51085,              0.3921,             0.26335,            0.018261,           0.0042562,            0.039324,            0.008086,            0.008086,            0.008086
                  60,            0.030523,            0.013253,             0.06293,             0.28276,             0.58272,             0.40219,             0.29419,            0.017542,           0.0041015,            0.039073,            0.008053,            0.008053,            0.008053
                  61,            0.029418,            0.012392,            0.062565,             0.24022,             0.58704,             0.38995,             0.28699,            0.017327,           0.0044987,            0.038098,             0.00802,             0.00802,             0.00802
                  62,             0.02945,            0.013399,            0.063997,             0.32311,             0.51639,             0.36441,             0.25899,            0.020583,           0.0043797,            0.037979,            0.007987,            0.007987,            0.007987
                  63,            0.030028,            0.012835,            0.062402,             0.33894,             0.58154,              0.4332,             0.30089,            0.019265,           0.0040875,            0.038621,            0.007954,            0.007954,            0.007954
                  64,            0.029536,            0.012594,            0.060563,             0.32052,             0.53872,             0.39254,             0.27919,            0.019549,           0.0044463,            0.037873,            0.007921,            0.007921,            0.007921
                  65,            0.029847,            0.012472,            0.061021,             0.36435,             0.40055,             0.42039,             0.30703,            0.018431,           0.0043184,            0.040052,            0.007888,            0.007888,            0.007888
                  66,            0.029863,            0.013524,            0.061672,             0.32813,             0.55467,             0.44771,             0.32113,            0.020849,           0.0041949,            0.037564,            0.007855,            0.007855,            0.007855
                  67,            0.030135,            0.012619,            0.061216,             0.34849,             0.47571,             0.43896,             0.31019,            0.018901,           0.0046741,             0.03909,            0.007822,            0.007822,            0.007822
                  68,             0.02997,            0.012997,            0.061542,             0.38755,             0.46841,             0.45025,             0.34193,            0.016789,           0.0041595,            0.037211,            0.007789,            0.007789,            0.007789
                  69,            0.029345,            0.012304,            0.059112,             0.36249,             0.49141,             0.47205,             0.34332,            0.019411,           0.0041657,            0.036238,            0.007756,            0.007756,            0.007756
                  70,            0.029527,            0.012588,            0.058624,             0.33707,             0.50319,             0.41258,              0.3065,            0.018833,           0.0041204,            0.039905,            0.007723,            0.007723,            0.007723
                  71,            0.029722,            0.012383,             0.06056,             0.34537,             0.56489,             0.47532,              0.3667,            0.017905,           0.0040202,             0.03927,             0.00769,             0.00769,             0.00769
                  72,             0.02913,            0.012587,            0.061197,             0.50184,             0.44417,             0.39742,             0.29893,            0.018037,           0.0041714,            0.038571,            0.007657,            0.007657,            0.007657
                  73,            0.028566,            0.011868,            0.059632,             0.29296,             0.54392,             0.42807,             0.33973,            0.017927,           0.0041657,            0.036785,            0.007624,            0.007624,            0.007624
                  74,            0.029488,            0.011741,            0.060537,             0.30041,              0.5905,             0.44177,             0.32905,            0.017808,           0.0040383,            0.037508,            0.007591,            0.007591,            0.007591
                  75,            0.028785,            0.012314,             0.05819,             0.39377,             0.53818,             0.47353,             0.33982,            0.017431,           0.0040733,            0.035475,            0.007558,            0.007558,            0.007558
                  76,            0.029161,            0.012656,             0.05986,             0.39968,             0.47792,             0.49232,             0.35469,            0.018622,           0.0041518,             0.03538,            0.007525,            0.007525,            0.007525
                  77,            0.029277,             0.01201,            0.057015,             0.35316,             0.52756,             0.49716,             0.36079,            0.018289,           0.0041849,            0.033888,            0.007492,            0.007492,            0.007492
                  78,            0.029303,            0.011952,            0.057252,             0.55498,             0.49279,             0.51066,             0.39553,              0.0163,           0.0039601,            0.034051,            0.007459,            0.007459,            0.007459
                  79,            0.027481,            0.012382,            0.058559,             0.33105,             0.57901,               0.466,             0.33932,            0.018213,           0.0043803,            0.034644,            0.007426,            0.007426,            0.007426
                  80,            0.028409,            0.011996,            0.057574,             0.32036,             0.62582,               0.505,             0.35964,             0.01827,           0.0042061,            0.034055,            0.007393,            0.007393,            0.007393
                  81,             0.02713,             0.01173,            0.057321,             0.34664,             0.58475,             0.52224,             0.38674,             0.01582,           0.0037112,            0.034543,             0.00736,             0.00736,             0.00736
                  82,            0.029391,            0.012086,            0.056219,              0.3798,             0.55044,             0.51423,             0.37171,            0.018402,           0.0038062,             0.03327,            0.007327,            0.007327,            0.007327
                  83,            0.028183,            0.012008,             0.05714,             0.36103,             0.54473,             0.45785,             0.34615,            0.018122,           0.0042695,            0.034344,            0.007294,            0.007294,            0.007294
                  84,            0.027179,            0.011582,            0.058773,             0.31416,             0.52266,             0.41905,             0.32578,            0.017954,            0.004226,            0.035863,            0.007261,            0.007261,            0.007261
                  85,            0.028029,            0.011898,            0.057353,             0.36132,             0.62133,             0.55746,             0.40791,            0.017537,           0.0037178,            0.031831,            0.007228,            0.007228,            0.007228
                  86,            0.027526,             0.01153,            0.057887,             0.35083,             0.57781,             0.48828,             0.37914,            0.015651,           0.0038488,            0.032752,            0.007195,            0.007195,            0.007195
                  87,            0.028274,             0.01122,            0.056426,             0.28169,             0.59899,              0.5395,              0.4039,            0.015883,           0.0038023,            0.031987,            0.007162,            0.007162,            0.007162
                  88,            0.028745,            0.011734,            0.056393,             0.39479,             0.60466,             0.56099,             0.41635,            0.018876,           0.0038293,            0.033833,            0.007129,            0.007129,            0.007129
                  89,             0.02868,            0.011554,            0.057067,             0.28177,             0.61927,             0.51718,             0.40822,            0.016652,           0.0038143,            0.034029,            0.007096,            0.007096,            0.007096
                  90,             0.02849,            0.011841,            0.056146,             0.34749,             0.68302,             0.56106,              0.4168,            0.017035,           0.0040029,            0.031058,            0.007063,            0.007063,            0.007063
                  91,             0.02711,            0.011918,            0.054795,             0.38004,             0.58721,             0.53893,             0.42472,            0.017448,           0.0039303,            0.033589,             0.00703,             0.00703,             0.00703
                  92,            0.028422,            0.011448,            0.054055,             0.39396,             0.67418,             0.57665,             0.43455,             0.01682,           0.0037755,             0.03112,            0.006997,            0.006997,            0.006997
                  93,            0.028704,            0.011587,            0.055011,              0.5636,             0.53147,             0.56347,             0.42332,            0.017118,           0.0038937,            0.031124,            0.006964,            0.006964,            0.006964
                  94,            0.028065,            0.011841,             0.05336,             0.46725,             0.61779,              0.5745,             0.43724,            0.016752,           0.0038565,             0.03076,            0.006931,            0.006931,            0.006931
                  95,             0.02727,            0.012185,            0.053876,             0.35694,             0.64239,             0.59521,             0.46206,            0.016132,           0.0037885,            0.030981,            0.006898,            0.006898,            0.006898
                  96,            0.027354,            0.011841,            0.053434,             0.35556,             0.68666,             0.59411,             0.45002,            0.016981,           0.0036425,            0.029478,            0.006865,            0.006865,            0.006865
                  97,            0.026677,            0.011691,            0.053119,             0.37482,             0.65948,              0.6212,             0.46704,            0.017279,            0.003746,            0.030628,            0.006832,            0.006832,            0.006832
                  98,            0.026863,            0.011688,            0.052333,             0.34199,               0.663,             0.55562,             0.42029,            0.018445,           0.0038793,            0.031899,            0.006799,            0.006799,            0.006799
                  99,            0.027139,            0.010899,             0.05299,             0.33954,             0.70857,             0.61881,             0.46579,            0.016977,           0.0038362,            0.029311,            0.006766,            0.006766,            0.006766
                 100,            0.027345,            0.011937,            0.052111,              0.4619,             0.58073,             0.62452,             0.46928,            0.016728,           0.0037197,            0.028593,            0.006733,            0.006733,            0.006733
                 101,            0.026524,            0.011348,            0.050199,             0.40853,             0.63818,             0.61161,             0.46999,            0.016723,            0.003712,            0.028371,              0.0067,              0.0067,              0.0067
                 102,            0.027658,            0.011661,             0.05108,               0.481,             0.64354,             0.64104,             0.48471,            0.016773,           0.0037821,            0.028048,            0.006667,            0.006667,            0.006667
                 103,             0.02659,            0.011333,            0.051997,              0.4894,              0.6926,             0.64027,             0.48907,            0.017345,           0.0036838,            0.028526,            0.006634,            0.006634,            0.006634
                 104,            0.026526,            0.011332,            0.051592,             0.38953,             0.69701,             0.65172,             0.47901,            0.018143,           0.0035409,            0.027781,            0.006601,            0.006601,            0.006601
                 105,            0.026889,            0.011367,            0.053357,             0.45303,             0.71625,             0.67448,             0.52855,            0.016301,           0.0034886,            0.027684,            0.006568,            0.006568,            0.006568
                 106,            0.028052,            0.011755,             0.05318,             0.43279,             0.68217,             0.62573,             0.48389,            0.016736,           0.0034525,             0.02724,            0.006535,            0.006535,            0.006535
                 107,            0.026874,            0.011445,            0.049616,             0.37841,             0.65301,              0.6409,             0.49994,            0.016586,           0.0034809,            0.027793,            0.006502,            0.006502,            0.006502
                 108,            0.026458,            0.011338,            0.048389,             0.38656,             0.71263,             0.64137,             0.50188,             0.01547,            0.003494,            0.026589,            0.006469,            0.006469,            0.006469
                 109,            0.027645,            0.011641,            0.050197,             0.39601,             0.72505,             0.62457,             0.47579,            0.016677,           0.0035799,            0.027982,            0.006436,            0.006436,            0.006436
                 110,            0.027058,            0.011569,            0.050529,             0.60208,              0.5685,             0.67198,             0.52851,            0.015922,           0.0035992,            0.026991,            0.006403,            0.006403,            0.006403
                 111,            0.026761,            0.011246,            0.050323,             0.42038,             0.72413,             0.67123,             0.50974,            0.016703,            0.003581,            0.026044,             0.00637,             0.00637,             0.00637
                 112,             0.02634,            0.010894,            0.049056,              0.4846,             0.67212,              0.6796,             0.51902,            0.015439,           0.0037522,            0.026353,            0.006337,            0.006337,            0.006337
                 113,            0.026432,            0.011005,            0.049033,             0.45741,             0.63808,             0.64988,             0.49943,            0.016713,           0.0037389,            0.030255,            0.006304,            0.006304,            0.006304
                 114,            0.027743,            0.011432,            0.049947,             0.44691,             0.63152,             0.64242,             0.50347,            0.017121,            0.003834,            0.031194,            0.006271,            0.006271,            0.006271
                 115,            0.026535,            0.011576,            0.050273,             0.51012,             0.63654,             0.68442,             0.53472,            0.018057,           0.0036187,            0.028211,            0.006238,            0.006238,            0.006238
                 116,            0.027694,            0.011253,            0.050725,             0.46557,             0.65658,             0.65581,             0.49198,            0.018493,           0.0037492,            0.026326,            0.006205,            0.006205,            0.006205
                 117,             0.02514,            0.011047,            0.048849,             0.48114,             0.64657,             0.68358,             0.53893,            0.016234,           0.0035394,            0.027031,            0.006172,            0.006172,            0.006172
                 118,            0.025461,            0.010914,            0.048127,             0.62161,             0.60274,             0.69189,             0.54069,            0.016459,           0.0035066,            0.026393,            0.006139,            0.006139,            0.006139
                 119,            0.026643,            0.010955,            0.049974,             0.52139,             0.64533,             0.68346,             0.52191,            0.016893,            0.003759,            0.028657,            0.006106,            0.006106,            0.006106
                 120,            0.027408,            0.011401,            0.047212,             0.64789,             0.59231,             0.70609,             0.54044,             0.01834,           0.0037489,            0.026204,            0.006073,            0.006073,            0.006073
                 121,            0.028002,            0.011007,            0.048326,             0.67361,             0.59677,             0.72992,             0.55242,            0.017062,           0.0035167,            0.025083,             0.00604,             0.00604,             0.00604
                 122,            0.026424,            0.010713,            0.046555,             0.50616,             0.64717,             0.71504,             0.54656,            0.017968,           0.0037111,            0.025591,            0.006007,            0.006007,            0.006007
                 123,            0.028176,            0.010758,            0.047179,             0.79833,             0.55103,             0.73988,             0.58375,            0.015884,           0.0035103,            0.024574,            0.005974,            0.005974,            0.005974
                 124,            0.026378,            0.011471,            0.047729,             0.59686,             0.61297,             0.72173,             0.57438,             0.01575,           0.0036295,            0.024713,            0.005941,            0.005941,            0.005941
                 125,            0.026752,            0.011069,            0.049153,             0.39645,              0.6977,             0.67368,             0.50934,            0.018509,           0.0035758,            0.025744,            0.005908,            0.005908,            0.005908
                 126,            0.026998,            0.011441,            0.046717,             0.45015,             0.74598,             0.73615,             0.53115,            0.017654,           0.0036127,            0.023832,            0.005875,            0.005875,            0.005875
                 127,             0.02674,            0.010972,            0.046137,             0.54307,               0.735,             0.75162,             0.56729,            0.016373,             0.00356,            0.022786,            0.005842,            0.005842,            0.005842
                 128,            0.025314,            0.010632,            0.044325,             0.50258,             0.69973,             0.72714,             0.55941,            0.016542,           0.0036469,            0.023925,            0.005809,            0.005809,            0.005809
                 129,            0.026576,            0.011193,            0.045615,              0.5474,             0.65935,             0.72263,             0.56619,            0.017295,           0.0037166,            0.024102,            0.005776,            0.005776,            0.005776
                 130,            0.025673,            0.010867,            0.048072,             0.46073,             0.74609,             0.70654,             0.54701,            0.015796,            0.003808,            0.024892,            0.005743,            0.005743,            0.005743
                 131,            0.024951,            0.010711,            0.047113,             0.49157,             0.77174,              0.7063,             0.56316,            0.015533,           0.0034821,            0.024166,             0.00571,             0.00571,             0.00571
                 132,            0.025424,            0.010261,             0.04682,             0.51584,             0.73433,             0.72781,             0.57788,            0.016535,           0.0034632,            0.024681,            0.005677,            0.005677,            0.005677
                 133,            0.025897,            0.010416,            0.045461,             0.52522,             0.71017,             0.72514,             0.57382,            0.016565,           0.0035437,            0.024642,            0.005644,            0.005644,            0.005644
                 134,            0.023667,             0.01048,            0.044703,             0.47411,             0.72873,             0.74994,             0.60293,            0.015858,           0.0034496,            0.023988,            0.005611,            0.005611,            0.005611
                 135,            0.024984,            0.010156,            0.042931,             0.45581,             0.72315,             0.73474,              0.5835,            0.017306,           0.0034684,            0.024826,            0.005578,            0.005578,            0.005578
                 136,            0.025645,            0.011124,            0.044324,              0.5106,             0.75425,             0.73662,              0.5735,            0.016045,           0.0034693,            0.023722,            0.005545,            0.005545,            0.005545
                 137,            0.025411,             0.01104,            0.046627,             0.64562,             0.63775,             0.73919,             0.59079,            0.016108,           0.0034653,            0.024917,            0.005512,            0.005512,            0.005512
                 138,              0.0251,            0.011084,            0.042336,             0.49597,             0.78237,             0.75608,              0.5987,            0.015934,           0.0035273,            0.023304,            0.005479,            0.005479,            0.005479
                 139,            0.025337,            0.010953,             0.04514,             0.52463,             0.77927,             0.77549,             0.61897,            0.015913,           0.0033253,            0.022856,            0.005446,            0.005446,            0.005446
                 140,             0.02641,            0.010118,            0.044731,              0.4658,              0.7288,             0.75554,             0.60458,            0.014949,           0.0033767,            0.022805,            0.005413,            0.005413,            0.005413
                 141,             0.02581,            0.011042,            0.042994,             0.57984,             0.74095,              0.7832,              0.6157,            0.015053,           0.0032267,            0.021574,             0.00538,             0.00538,             0.00538
                 142,            0.026436,            0.010756,             0.04276,             0.52136,             0.72545,             0.76687,             0.59474,            0.015046,           0.0034416,            0.022361,            0.005347,            0.005347,            0.005347
                 143,            0.025137,            0.010593,             0.04302,             0.53754,             0.75507,             0.77353,             0.59838,            0.015583,           0.0033112,            0.020608,            0.005314,            0.005314,            0.005314
                 144,            0.025214,            0.010655,            0.042616,             0.51258,             0.74652,             0.77668,             0.60623,            0.014614,            0.003365,            0.022387,            0.005281,            0.005281,            0.005281
                 145,            0.025449,            0.010522,            0.044204,             0.51966,             0.78019,             0.78291,              0.6232,            0.014591,           0.0033883,            0.020405,            0.005248,            0.005248,            0.005248
                 146,            0.023676,            0.010598,            0.040733,             0.52292,               0.774,             0.76376,             0.60347,            0.015114,           0.0035521,            0.020694,            0.005215,            0.005215,            0.005215
                 147,            0.025229,            0.010488,            0.041226,             0.54811,             0.78429,             0.76973,             0.63234,            0.015195,           0.0034179,            0.020666,            0.005182,            0.005182,            0.005182
                 148,            0.025935,            0.010656,            0.043184,              0.5527,             0.75784,             0.78609,             0.63538,            0.015609,           0.0037535,            0.020293,            0.005149,            0.005149,            0.005149
                 149,            0.024908,            0.010207,            0.040877,             0.57063,             0.67499,             0.73304,             0.58039,             0.01642,            0.003468,            0.021663,            0.005116,            0.005116,            0.005116
                 150,            0.026122,            0.010678,              0.0414,             0.58251,             0.71518,             0.75598,             0.59901,            0.015693,           0.0035373,            0.021805,            0.005083,            0.005083,            0.005083
                 151,            0.025508,            0.010157,             0.04206,             0.55868,             0.69544,             0.72161,             0.60057,            0.014392,            0.003503,            0.022791,             0.00505,             0.00505,             0.00505
                 152,            0.025207,            0.010894,            0.042977,             0.61755,             0.77518,             0.78929,             0.60605,            0.015392,           0.0033493,            0.020901,            0.005017,            0.005017,            0.005017
                 153,            0.024367,            0.010189,              0.0394,             0.60975,             0.77567,             0.79695,             0.64027,            0.014588,           0.0032975,            0.019755,            0.004984,            0.004984,            0.004984
                 154,            0.025434,            0.010738,            0.040081,             0.55468,             0.74092,             0.77819,             0.62779,            0.014938,           0.0033967,             0.01992,            0.004951,            0.004951,            0.004951
                 155,            0.025133,            0.010291,            0.041472,             0.50485,             0.73697,             0.77197,             0.62552,            0.015149,           0.0033817,            0.021257,            0.004918,            0.004918,            0.004918
                 156,            0.025637,            0.010603,            0.042757,             0.62862,             0.77142,             0.79313,             0.62969,            0.015806,           0.0034329,             0.01936,            0.004885,            0.004885,            0.004885
                 157,            0.024617,            0.010406,            0.039341,             0.50603,             0.80821,               0.809,             0.65302,             0.01508,           0.0034094,            0.019434,            0.004852,            0.004852,            0.004852
                 158,            0.024601,             0.01091,            0.039675,             0.67127,             0.71663,             0.79593,             0.63285,            0.015616,           0.0034003,            0.019801,            0.004819,            0.004819,            0.004819
                 159,            0.024097,            0.010501,            0.040021,             0.69512,             0.73332,             0.79397,             0.64387,            0.015759,            0.003513,            0.018171,            0.004786,            0.004786,            0.004786
                 160,            0.024405,            0.010001,            0.038558,             0.57247,             0.76581,             0.78754,             0.62683,            0.015261,           0.0035441,            0.019651,            0.004753,            0.004753,            0.004753
                 161,            0.024371,            0.010527,            0.040689,             0.65022,             0.71817,             0.77402,             0.63466,            0.015916,           0.0034408,            0.018975,             0.00472,             0.00472,             0.00472
                 162,            0.024564,            0.010529,            0.038356,             0.69842,              0.7158,              0.8078,             0.66077,            0.014298,           0.0034215,            0.017937,            0.004687,            0.004687,            0.004687
                 163,            0.024366,             0.01011,            0.039473,             0.74335,             0.68468,             0.80687,             0.65685,            0.014225,           0.0033042,            0.019314,            0.004654,            0.004654,            0.004654
                 164,            0.024323,            0.010385,            0.041196,             0.76903,             0.69801,             0.80759,             0.64524,            0.014966,           0.0034017,            0.018286,            0.004621,            0.004621,            0.004621
                 165,            0.024128,             0.01004,            0.037192,              0.6895,             0.72175,             0.79709,             0.65409,            0.014764,           0.0032343,            0.019241,            0.004588,            0.004588,            0.004588
                 166,            0.023538,             0.01011,            0.038169,             0.67723,             0.71286,             0.78382,             0.64506,            0.015023,           0.0033622,            0.019714,            0.004555,            0.004555,            0.004555
                 167,            0.024992,            0.010153,             0.04142,             0.72184,             0.71306,             0.77994,              0.6267,            0.015291,            0.003456,            0.019545,            0.004522,            0.004522,            0.004522
                 168,            0.023476,            0.010273,            0.038353,             0.63237,             0.72548,             0.78511,             0.62782,            0.015806,           0.0033757,            0.018732,            0.004489,            0.004489,            0.004489
                 169,            0.023902,            0.010266,            0.038972,             0.71877,             0.72129,             0.83808,             0.66601,            0.014137,           0.0032854,            0.017726,            0.004456,            0.004456,            0.004456
                 170,            0.025789,            0.010705,            0.039525,             0.62271,             0.78155,             0.80115,             0.64817,            0.014483,           0.0032924,            0.018975,            0.004423,            0.004423,            0.004423
                 171,            0.024317,            0.010397,            0.038872,             0.59591,             0.79227,              0.8264,             0.67797,            0.013878,           0.0033872,            0.019076,             0.00439,             0.00439,             0.00439
                 172,            0.023226,           0.0099218,            0.036696,             0.78296,             0.74849,             0.83371,             0.68164,            0.013974,           0.0032751,            0.017669,            0.004357,            0.004357,            0.004357
                 173,            0.023829,            0.010401,             0.03621,             0.70032,             0.70378,             0.77679,             0.62133,            0.014831,           0.0034282,            0.019737,            0.004324,            0.004324,            0.004324
                 174,            0.024178,            0.009756,            0.037139,             0.74037,             0.69103,               0.788,             0.63894,            0.014294,           0.0031438,            0.019216,            0.004291,            0.004291,            0.004291
                 175,            0.024353,            0.010269,            0.036848,             0.75342,              0.7205,             0.82781,             0.66647,            0.014392,           0.0032328,            0.017225,            0.004258,            0.004258,            0.004258
                 176,            0.023519,           0.0097879,            0.036867,             0.72451,              0.7297,             0.80525,             0.66249,            0.013748,           0.0032973,            0.017966,            0.004225,            0.004225,            0.004225
                 177,             0.02344,           0.0099267,             0.03768,             0.65377,             0.75984,             0.79223,             0.65266,            0.014011,           0.0032575,            0.019187,            0.004192,            0.004192,            0.004192
                 178,             0.02405,            0.010357,            0.037554,             0.78366,              0.6938,             0.82809,             0.66229,            0.013595,           0.0031815,            0.018697,            0.004159,            0.004159,            0.004159
                 179,            0.022855,            0.010062,            0.035728,             0.65648,             0.69832,             0.78709,             0.65253,            0.013495,           0.0031666,            0.020238,            0.004126,            0.004126,            0.004126
                 180,            0.022737,            0.010395,            0.036335,             0.73135,             0.74867,             0.81413,             0.69426,            0.013342,           0.0031752,            0.018351,            0.004093,            0.004093,            0.004093
                 181,            0.022495,            0.010433,            0.039496,             0.69021,             0.73633,             0.80353,             0.66347,            0.014238,            0.003404,            0.018096,             0.00406,             0.00406,             0.00406
                 182,            0.023415,            0.010124,             0.03518,             0.64883,             0.74969,             0.77319,             0.63096,              0.0144,           0.0033209,            0.019906,            0.004027,            0.004027,            0.004027
                 183,            0.024583,            0.010342,            0.036581,             0.73599,             0.67733,             0.79627,             0.66028,            0.013742,           0.0030704,            0.019735,            0.003994,            0.003994,            0.003994
                 184,            0.023101,           0.0096173,            0.034726,              0.7201,             0.76595,             0.82519,             0.68221,             0.01409,           0.0030933,            0.017702,            0.003961,            0.003961,            0.003961
                 185,            0.024648,            0.010381,            0.035192,             0.74578,             0.73792,              0.8148,             0.66981,            0.014435,           0.0033693,            0.017543,            0.003928,            0.003928,            0.003928
                 186,            0.023544,           0.0098631,            0.034834,             0.71952,              0.7495,             0.82168,             0.67931,            0.014306,           0.0032116,            0.017017,            0.003895,            0.003895,            0.003895
                 187,            0.023125,            0.010103,            0.035721,             0.75765,             0.69858,             0.82017,             0.68294,            0.014333,           0.0032329,            0.018048,            0.003862,            0.003862,            0.003862
                 188,            0.022502,           0.0097065,            0.034768,             0.76978,             0.73717,              0.8169,             0.67073,            0.015366,           0.0031207,            0.016887,            0.003829,            0.003829,            0.003829
                 189,            0.023572,            0.010027,            0.033587,             0.78369,             0.75567,             0.84667,             0.69908,            0.014568,           0.0031458,            0.015512,            0.003796,            0.003796,            0.003796
                 190,            0.023257,           0.0097685,            0.032676,             0.73819,             0.72443,             0.82265,             0.68055,            0.014322,           0.0032288,            0.016603,            0.003763,            0.003763,            0.003763
                 191,            0.021816,           0.0095045,            0.034038,             0.81522,             0.66994,             0.80846,             0.67165,            0.014271,           0.0031601,            0.018268,             0.00373,             0.00373,             0.00373
                 192,            0.023688,           0.0097193,            0.034286,             0.74802,              0.7753,             0.84178,             0.69466,            0.014469,           0.0030588,            0.015051,            0.003697,            0.003697,            0.003697
                 193,            0.023074,            0.009818,            0.033778,             0.77995,             0.69192,             0.82505,             0.67676,            0.014174,           0.0031157,            0.017114,            0.003664,            0.003664,            0.003664
                 194,            0.022592,            0.009745,            0.035109,             0.80408,             0.71459,             0.82966,              0.6839,            0.013961,           0.0031769,            0.016076,            0.003631,            0.003631,            0.003631
                 195,            0.022727,            0.010024,            0.032731,             0.71654,             0.70012,              0.8115,             0.68331,            0.014791,           0.0031917,            0.017077,            0.003598,            0.003598,            0.003598
                 196,            0.022622,            0.010034,             0.03253,              0.7401,             0.74407,             0.82944,             0.68083,            0.013957,           0.0031072,             0.01731,            0.003565,            0.003565,            0.003565
                 197,            0.022961,           0.0093677,            0.032613,             0.75232,             0.77685,             0.84367,             0.70254,            0.014328,           0.0031467,            0.016309,            0.003532,            0.003532,            0.003532
                 198,            0.022045,           0.0093594,             0.03237,              0.7493,             0.78552,             0.82211,             0.68422,            0.014648,           0.0031836,             0.01548,            0.003499,            0.003499,            0.003499
                 199,            0.021788,            0.009585,            0.034153,             0.76723,             0.75685,             0.84631,             0.70756,            0.013527,           0.0031192,             0.01648,            0.003466,            0.003466,            0.003466
                 200,             0.02274,            0.010062,            0.031722,              0.8133,             0.70721,             0.83984,             0.70146,            0.013789,           0.0030679,            0.018945,            0.003433,            0.003433,            0.003433
                 201,            0.023725,           0.0097185,            0.035471,             0.71753,              0.8436,             0.86718,             0.73642,            0.013234,           0.0030285,            0.017158,              0.0034,              0.0034,              0.0034
                 202,             0.02235,           0.0090585,            0.033231,             0.74039,             0.73886,             0.83039,             0.70569,            0.013442,           0.0031991,            0.016846,            0.003367,            0.003367,            0.003367
                 203,            0.023257,           0.0096826,            0.034817,             0.82859,             0.68188,             0.82886,             0.70514,            0.013653,           0.0032022,            0.016713,            0.003334,            0.003334,            0.003334
                 204,             0.02193,           0.0097088,            0.031669,             0.77062,             0.71647,             0.84995,             0.71641,             0.01329,           0.0030999,            0.014856,            0.003301,            0.003301,            0.003301
                 205,            0.021609,           0.0092717,            0.032686,             0.65663,             0.83026,             0.84921,             0.70845,            0.013384,           0.0029897,              0.0151,            0.003268,            0.003268,            0.003268
                 206,            0.021364,           0.0095567,            0.032146,             0.78592,              0.7821,             0.87244,             0.73129,            0.013031,           0.0028909,            0.013855,            0.003235,            0.003235,            0.003235
                 207,            0.022068,           0.0096745,            0.032327,             0.73275,             0.81683,             0.86729,             0.72791,            0.014053,           0.0030642,            0.014507,            0.003202,            0.003202,            0.003202
                 208,            0.021012,           0.0093111,             0.03142,             0.68132,             0.85702,             0.85976,             0.73065,            0.013477,           0.0030106,            0.015404,            0.003169,            0.003169,            0.003169
                 209,            0.021258,           0.0093543,            0.033079,             0.74496,             0.74559,             0.83169,             0.70623,            0.013573,           0.0030039,            0.016613,            0.003136,            0.003136,            0.003136
                 210,            0.022305,            0.009612,            0.033439,             0.76867,             0.77171,              0.8471,             0.71048,            0.013714,           0.0030779,              0.0154,            0.003103,            0.003103,            0.003103
                 211,            0.021959,            0.010156,            0.031096,             0.81464,             0.77209,             0.89509,             0.75251,            0.013862,           0.0030476,            0.012844,             0.00307,             0.00307,             0.00307
                 212,            0.021807,           0.0098729,            0.031467,             0.86219,             0.73876,             0.86966,             0.75192,            0.013038,           0.0029202,            0.013158,            0.003037,            0.003037,            0.003037
                 213,            0.023512,           0.0095205,             0.03135,             0.84539,             0.75999,             0.86923,             0.73726,            0.013593,           0.0029364,            0.013165,            0.003004,            0.003004,            0.003004
                 214,            0.022326,            0.009557,            0.030974,             0.84174,             0.75296,             0.86983,             0.72277,            0.013326,           0.0031178,            0.014237,            0.002971,            0.002971,            0.002971
                 215,            0.023849,           0.0096028,            0.032669,             0.74762,              0.8037,             0.87678,             0.74165,            0.012601,           0.0030941,            0.012992,            0.002938,            0.002938,            0.002938
                 216,            0.022878,           0.0095472,            0.031774,             0.71481,             0.81904,             0.86336,             0.73104,            0.013526,           0.0030616,            0.012781,            0.002905,            0.002905,            0.002905
                 217,            0.021965,           0.0098675,            0.030416,             0.75329,             0.80521,              0.8574,             0.72284,            0.013382,           0.0030661,            0.013738,            0.002872,            0.002872,            0.002872
                 218,             0.02135,            0.009878,            0.031811,              0.7912,             0.77307,               0.852,             0.72174,             0.01346,           0.0030795,            0.013097,            0.002839,            0.002839,            0.002839
                 219,            0.021847,           0.0094145,            0.031751,             0.79777,             0.77183,             0.86905,             0.74962,            0.013492,           0.0031056,            0.013343,            0.002806,            0.002806,            0.002806
                 220,            0.020903,           0.0092691,            0.029451,             0.67318,             0.78204,             0.83326,             0.71139,            0.013396,           0.0031034,            0.014787,            0.002773,            0.002773,            0.002773
                 221,            0.021395,           0.0095026,              0.0308,             0.74787,              0.7387,             0.83997,              0.7142,            0.012837,           0.0029218,            0.014966,             0.00274,             0.00274,             0.00274
                 222,             0.02236,           0.0092396,            0.029114,             0.72706,             0.80039,             0.87065,              0.7359,            0.012714,           0.0029612,            0.013729,            0.002707,            0.002707,            0.002707
                 223,            0.022156,           0.0093763,            0.029794,             0.84211,             0.72961,              0.8526,             0.72836,            0.012347,           0.0029018,            0.014748,            0.002674,            0.002674,            0.002674
                 224,            0.020385,            0.009282,            0.029207,             0.78108,             0.78441,             0.87089,             0.74398,            0.012989,           0.0029748,            0.013987,            0.002641,            0.002641,            0.002641
                 225,               0.022,           0.0090154,            0.029817,             0.75737,             0.79095,             0.87239,             0.74903,            0.013168,           0.0029305,            0.014267,            0.002608,            0.002608,            0.002608
                 226,            0.021327,           0.0095545,            0.028077,              0.7452,             0.78372,              0.8696,             0.72119,             0.01323,           0.0030105,            0.013673,            0.002575,            0.002575,            0.002575
                 227,            0.021472,           0.0096527,            0.029291,              0.7717,             0.80756,             0.87055,              0.7417,            0.012869,           0.0029433,            0.014275,            0.002542,            0.002542,            0.002542
                 228,            0.019815,           0.0095247,            0.030716,             0.73916,             0.81506,             0.85984,             0.73302,            0.012902,           0.0030096,            0.013411,            0.002509,            0.002509,            0.002509
                 229,            0.021403,           0.0090773,            0.028955,             0.73214,             0.81503,             0.86562,             0.73493,            0.012619,            0.003015,            0.013514,            0.002476,            0.002476,            0.002476
                 230,            0.020747,           0.0098891,             0.02946,             0.80137,             0.76246,              0.8533,             0.74019,            0.012607,           0.0029411,            0.013584,            0.002443,            0.002443,            0.002443
                 231,            0.020948,           0.0092436,            0.027899,             0.78799,             0.77068,             0.86843,             0.75249,            0.012464,           0.0028869,            0.012813,             0.00241,             0.00241,             0.00241
                 232,              0.0207,           0.0094399,            0.027933,             0.72499,             0.84004,             0.87967,             0.75949,            0.012475,           0.0029184,            0.012525,            0.002377,            0.002377,            0.002377
                 233,            0.020754,            0.008798,            0.028242,             0.73877,             0.85294,             0.87358,             0.75179,            0.012395,           0.0029198,            0.012499,            0.002344,            0.002344,            0.002344
                 234,            0.021241,           0.0092339,            0.030762,             0.73095,             0.85391,             0.87947,             0.74955,            0.012949,           0.0029062,            0.012001,            0.002311,            0.002311,            0.002311
                 235,            0.020276,           0.0091883,            0.028839,             0.78599,             0.84638,             0.88592,             0.76103,            0.013148,           0.0028555,            0.012184,            0.002278,            0.002278,            0.002278
                 236,            0.020785,           0.0090883,            0.026483,             0.80768,             0.75628,             0.86982,             0.75366,            0.013022,           0.0029309,            0.012601,            0.002245,            0.002245,            0.002245
                 237,            0.020647,           0.0094467,            0.028815,             0.76156,             0.81276,             0.88156,             0.75767,            0.012859,           0.0029571,            0.012319,            0.002212,            0.002212,            0.002212
                 238,            0.020603,           0.0087947,            0.029812,             0.79509,             0.81461,             0.88225,             0.75818,            0.012574,           0.0028479,            0.012664,            0.002179,            0.002179,            0.002179
                 239,            0.019767,           0.0089252,             0.02681,             0.73941,             0.87022,             0.88778,             0.75959,              0.0127,           0.0028243,            0.012659,            0.002146,            0.002146,            0.002146
                 240,            0.021476,           0.0091612,            0.028595,             0.72452,             0.86159,             0.89613,             0.76452,            0.012404,           0.0028502,            0.011639,            0.002113,            0.002113,            0.002113
                 241,            0.020119,           0.0089387,            0.026168,             0.77072,             0.84606,             0.89431,              0.7785,            0.012494,           0.0029151,            0.011835,             0.00208,             0.00208,             0.00208
                 242,             0.02052,            0.008871,            0.027892,             0.77289,             0.84896,             0.88586,              0.7569,            0.012685,            0.002975,            0.011926,            0.002047,            0.002047,            0.002047
                 243,            0.020279,           0.0091682,            0.028378,               0.731,             0.82544,             0.87849,             0.76291,             0.01228,           0.0028919,             0.01271,            0.002014,            0.002014,            0.002014
                 244,            0.020225,           0.0092903,            0.027469,             0.72887,             0.79792,             0.87692,             0.75461,             0.01247,           0.0028621,            0.013439,            0.001981,            0.001981,            0.001981
                 245,            0.019858,            0.009652,            0.028112,             0.75225,              0.8305,             0.87959,             0.75943,            0.012016,           0.0028481,            0.013062,            0.001948,            0.001948,            0.001948
                 246,            0.020433,           0.0096423,            0.027048,             0.83094,             0.77814,             0.87936,             0.76067,            0.012504,           0.0028353,             0.01269,            0.001915,            0.001915,            0.001915
                 247,            0.021076,           0.0090289,            0.028129,             0.80162,             0.81476,             0.88322,             0.76139,            0.012434,            0.002835,            0.012354,            0.001882,            0.001882,            0.001882
                 248,            0.019493,           0.0089959,            0.026604,             0.79322,             0.78689,             0.85704,             0.73298,            0.012913,           0.0028754,            0.012786,            0.001849,            0.001849,            0.001849
                 249,            0.019235,           0.0089964,            0.026049,             0.75965,             0.83746,             0.89079,             0.77427,            0.012164,           0.0028389,            0.011385,            0.001816,            0.001816,            0.001816
                 250,            0.020131,           0.0091281,             0.02515,             0.73947,             0.83579,             0.87806,             0.76187,            0.012681,           0.0028246,            0.012042,            0.001783,            0.001783,            0.001783
                 251,            0.019944,            0.008761,            0.025763,             0.74882,             0.82948,             0.88313,             0.76451,            0.012335,           0.0028402,            0.012064,             0.00175,             0.00175,             0.00175
                 252,            0.019653,           0.0087518,            0.025662,             0.78318,             0.84843,             0.87906,             0.76823,            0.012176,           0.0028457,            0.011844,            0.001717,            0.001717,            0.001717
                 253,            0.020214,            0.008778,            0.024345,             0.76314,             0.86695,             0.88948,             0.76912,            0.011948,           0.0028112,            0.011449,            0.001684,            0.001684,            0.001684
                 254,            0.019085,           0.0088074,            0.024571,             0.75823,             0.85983,             0.89169,             0.77585,            0.012114,           0.0027585,            0.011205,            0.001651,            0.001651,            0.001651
                 255,            0.019968,           0.0092694,            0.027165,             0.75879,             0.89226,             0.88627,             0.76336,            0.012267,           0.0027761,            0.010735,            0.001618,            0.001618,            0.001618
                 256,            0.019268,           0.0088789,            0.025402,             0.77461,             0.88976,             0.89837,             0.77864,            0.012274,           0.0028283,            0.011512,            0.001585,            0.001585,            0.001585
                 257,            0.019812,            0.008525,             0.02718,             0.79081,             0.85399,             0.89385,             0.77599,            0.012115,             0.00282,             0.01163,            0.001552,            0.001552,            0.001552
                 258,            0.019145,           0.0088467,            0.024543,             0.77672,             0.81818,             0.87873,             0.76279,            0.011961,            0.002762,            0.011741,            0.001519,            0.001519,            0.001519
                 259,            0.018867,           0.0088172,            0.023919,             0.76187,             0.85384,             0.89444,             0.77669,            0.012058,           0.0027671,            0.010787,            0.001486,            0.001486,            0.001486
                 260,            0.018819,           0.0085549,            0.023974,             0.76262,              0.8768,             0.90568,              0.7835,            0.012133,           0.0028107,            0.010806,            0.001453,            0.001453,            0.001453
                 261,            0.019265,           0.0088126,            0.027119,             0.78894,             0.86726,             0.89353,             0.77582,            0.011749,           0.0027547,            0.010858,             0.00142,             0.00142,             0.00142
                 262,            0.019442,           0.0087447,            0.025246,             0.78576,             0.84756,             0.88394,             0.76777,            0.011727,           0.0027959,            0.011507,            0.001387,            0.001387,            0.001387
                 263,            0.019213,            0.009515,            0.025221,             0.80572,             0.85672,             0.89829,              0.7711,            0.011901,           0.0028231,            0.010496,            0.001354,            0.001354,            0.001354
                 264,            0.019289,           0.0083456,            0.023236,             0.80517,             0.86864,             0.89811,             0.77609,            0.012112,           0.0028289,           0.0098912,            0.001321,            0.001321,            0.001321
                 265,            0.019449,           0.0086707,            0.024203,             0.82421,             0.85398,             0.90736,             0.78346,            0.011977,           0.0028601,            0.010017,            0.001288,            0.001288,            0.001288
                 266,            0.018676,           0.0086857,            0.024691,             0.82518,             0.86977,             0.90838,             0.78568,             0.01212,           0.0027967,            0.010265,            0.001255,            0.001255,            0.001255
                 267,            0.018694,           0.0087182,            0.023049,             0.79031,             0.85787,             0.88846,              0.7707,            0.012201,            0.002781,            0.010996,            0.001222,            0.001222,            0.001222
                 268,            0.017597,           0.0087632,            0.024193,             0.78535,             0.86157,             0.89503,             0.77173,            0.012256,           0.0028209,              0.0104,            0.001189,            0.001189,            0.001189
                 269,             0.01926,           0.0081214,            0.024905,             0.79563,             0.84394,             0.89601,             0.76604,            0.012274,           0.0028781,            0.010485,            0.001156,            0.001156,            0.001156
                 270,            0.018717,           0.0085694,            0.024156,             0.78069,             0.87351,             0.89399,              0.7752,            0.011794,           0.0028252,            0.010625,            0.001123,            0.001123,            0.001123
                 271,            0.018707,           0.0090795,            0.024026,             0.79791,              0.8734,             0.89322,             0.76633,            0.011724,           0.0027989,            0.010852,             0.00109,             0.00109,             0.00109
                 272,            0.018519,           0.0087166,            0.025432,             0.78653,             0.84911,             0.89787,             0.77674,            0.011866,            0.002796,            0.011125,            0.001057,            0.001057,            0.001057
                 273,            0.017375,           0.0082062,            0.023692,             0.80229,             0.83971,             0.89615,             0.76709,            0.012005,           0.0027939,             0.01129,            0.001024,            0.001024,            0.001024
                 274,            0.018015,           0.0081906,            0.022185,             0.78589,             0.84817,             0.88549,             0.75565,            0.012094,           0.0027797,            0.011016,            0.000991,            0.000991,            0.000991
                 275,             0.01823,           0.0088494,            0.023303,              0.7687,             0.87994,             0.89576,             0.77558,            0.011985,           0.0027217,            0.010722,            0.000958,            0.000958,            0.000958
                 276,            0.018178,           0.0086429,            0.024376,             0.76995,             0.88919,              0.9076,             0.78895,            0.011957,           0.0027787,            0.010176,            0.000925,            0.000925,            0.000925
                 277,            0.017801,           0.0086056,            0.023775,             0.77688,             0.89587,             0.90815,             0.77557,            0.011729,           0.0027829,            0.010439,            0.000892,            0.000892,            0.000892
                 278,            0.017952,           0.0084002,            0.024084,              0.7905,             0.89197,             0.90579,              0.7826,             0.01195,           0.0027368,            0.010571,            0.000859,            0.000859,            0.000859
                 279,            0.018644,           0.0090033,            0.024488,             0.80036,             0.86035,             0.90476,             0.78738,            0.011817,           0.0027037,            0.010356,            0.000826,            0.000826,            0.000826
                 280,            0.017488,           0.0083063,            0.022512,             0.79813,             0.82818,             0.89661,             0.77847,            0.011607,           0.0027224,            0.010666,            0.000793,            0.000793,            0.000793
                 281,            0.018109,           0.0085631,            0.022149,             0.81272,             0.82528,             0.89962,             0.79889,            0.011663,           0.0027207,            0.010686,             0.00076,             0.00076,             0.00076
                 282,            0.017454,           0.0086029,            0.021869,             0.80203,             0.83267,             0.89898,             0.78059,            0.011584,           0.0027373,            0.010712,            0.000727,            0.000727,            0.000727
                 283,            0.019244,           0.0085077,            0.024149,             0.81019,             0.83457,              0.8967,             0.78442,            0.011404,           0.0027464,            0.010178,            0.000694,            0.000694,            0.000694
                 284,            0.018158,           0.0084264,             0.02638,             0.81127,             0.84035,             0.89366,             0.77701,            0.011331,           0.0027388,            0.010053,            0.000661,            0.000661,            0.000661
                 285,            0.018006,           0.0083795,            0.024532,             0.79623,             0.84391,             0.89437,               0.793,            0.011347,           0.0027282,            0.010127,            0.000628,            0.000628,            0.000628
                 286,            0.017955,           0.0086503,            0.025762,             0.79028,             0.83105,             0.89048,             0.78108,            0.011431,           0.0027426,             0.01031,            0.000595,            0.000595,            0.000595
                 287,            0.017743,           0.0084175,            0.023056,             0.80181,             0.84663,             0.89334,             0.78278,            0.011268,           0.0027471,            0.010234,            0.000562,            0.000562,            0.000562
                 288,            0.018078,           0.0087665,            0.025145,             0.79129,             0.85215,             0.89557,             0.77748,            0.011333,           0.0027283,            0.010329,            0.000529,            0.000529,            0.000529
                 289,            0.017325,           0.0087156,             0.02377,             0.81308,              0.8358,             0.89649,             0.77962,            0.011386,           0.0026866,            0.010483,            0.000496,            0.000496,            0.000496
                 290,            0.017168,           0.0085642,            0.022455,             0.82684,             0.82988,             0.89927,             0.79154,            0.011213,           0.0026495,            0.010183,            0.000463,            0.000463,            0.000463
                 291,            0.017584,           0.0083066,            0.023144,             0.79862,             0.87797,             0.90505,             0.79692,            0.011109,           0.0026785,            0.010046,             0.00043,             0.00043,             0.00043
                 292,            0.016448,           0.0084655,            0.023379,             0.79604,             0.87993,             0.90308,             0.79527,            0.011185,           0.0026965,            0.010071,            0.000397,            0.000397,            0.000397
                 293,            0.017334,           0.0088926,            0.023966,             0.79194,             0.86663,             0.90273,             0.79153,            0.011321,           0.0027016,            0.010106,            0.000364,            0.000364,            0.000364
                 294,             0.01681,           0.0084914,            0.022873,             0.79976,             0.86456,             0.89968,             0.78779,            0.011346,           0.0026729,            0.010124,            0.000331,            0.000331,            0.000331
                 295,            0.017831,           0.0084094,            0.025486,              0.8009,             0.86532,             0.90118,             0.78602,            0.011374,            0.002678,           0.0099811,            0.000298,            0.000298,            0.000298
                 296,            0.017066,           0.0086525,            0.024589,             0.79979,             0.87733,             0.90363,             0.78793,            0.011356,           0.0026674,           0.0098903,            0.000265,            0.000265,            0.000265
                 297,            0.016455,           0.0084623,            0.021387,             0.79454,             0.88259,             0.90204,             0.78881,            0.011273,           0.0026655,           0.0098647,            0.000232,            0.000232,            0.000232
                 298,            0.017994,           0.0086175,             0.02268,              0.7954,             0.87719,             0.90504,             0.79216,            0.011285,           0.0026657,           0.0097381,            0.000199,            0.000199,            0.000199
                 299,            0.016799,           0.0083259,            0.022051,             0.79517,             0.87755,              0.9058,              0.7917,             0.01127,           0.0026559,           0.0097959,            0.000166,            0.000166,            0.000166
